hinge,numqueries,tradeoff,seed,bsize,delta,maxvisits,recall_i,visits_i,recall_o,visits_o
softplus,64,1.2,1,9,1.06,3514,0.9063619047619047,619.8366666666667,0.8486,690.52
softplus,64,1.2,2,8,1.02,4366,0.8799333333333332,556.8159047619048,0.7925999999999999,590.578
softplus,64,1.2,3,7,1.06,4614,0.8959619047619046,581.6171428571429,0.8301999999999999,643.574
softplus,64,1.2,4,9,1.1,4490,0.9212857142857142,684.4858095238095,0.8745999999999999,797.964
softplus,64,1.2,5,8,1.09,4348,0.9138857142857141,645.1164761904762,0.8643999999999998,743.408
softplus,64,1.2,6,15,1.08,4896,0.9295047619047618,761.7726666666666,0.8894,864.166
softplus,64,1.2,7,13,1.07,3522,0.9221142857142857,707.269619047619,0.8725999999999999,797.128
softplus,64,1.2,8,6,1.1025,4714,0.9081714285714283,623.5552380952381,0.853,720.888
softplus,64,1.5,1,11,1.07625,3550,0.919695238095238,680.8162857142858,0.872,773.864
softplus,64,1.5,2,12,1.025,4592,0.9011714285714285,636.5784761904762,0.8256,679.99
softplus,64,1.5,3,10,1.06,4660,0.9107904761904759,638.330380952381,0.8542000000000001,708.858
softplus,64,1.5,4,11,1.11,4612,0.9308571428571428,747.3021904761905,0.8939999999999999,893.108
softplus,64,1.5,5,8,1.1,4612,0.9176285714285712,663.6589523809524,0.8689999999999999,770.244
softplus,64,1.5,6,15,1.1340001,5212,0.9433714285714284,894.356380952381,0.9143999999999999,1101.502
softplus,64,1.5,7,13,1.08,4452,0.9256095238095235,724.0437142857143,0.8827999999999999,826.066
softplus,64,1.5,8,16,1.07,4714,0.9275238095238095,763.1999047619048,0.883,856.208
softplus,64,3.0,1,12,1.1340001,7856,0.9391523809523808,831.8940952380952,0.9091999999999998,1034.374
softplus,64,3.0,2,10,1.1025,4776,0.9257904761904762,710.5267619047619,0.8817999999999999,826.904
softplus,64,3.0,3,10,1.1,4776,0.9250285714285713,705.2847619047619,0.8812000000000001,818.618
softplus,64,3.0,4,20,1.1851876,10888,0.9544952380952382,1213.6789523809523,0.9494,1716.022
softplus,64,3.0,5,8,1.12,5180,0.9248095238095236,705.9983809523809,0.8797999999999999,848.302
softplus,64,3.0,6,17,1.16,7718,0.9495523809523807,1028.8989523809523,0.9328,1342.866
softplus,64,3.0,7,13,1.14,5842,0.9415904761904761,871.7629523809524,0.9125999999999999,1087.506
softplus,64,3.0,8,17,1.17,6616,0.9509809523809523,1071.9001904761906,0.9383999999999999,1453.644
softplus,256,1.2,1,8,1.08,4714,0.9102952380952379,629.352,0.8595999999999999,719.414
softplus,256,1.2,2,7,1.09,4956,0.9089047619047618,624.3644761904762,0.8545999999999999,718.94
softplus,256,1.2,3,8,1.09,5016,0.9138857142857141,645.1164761904762,0.8643999999999998,743.408
softplus,256,1.2,4,9,1.08,4714,0.9145523809523809,648.6669523809524,0.8639999999999999,742.136
softplus,256,1.2,5,8,1.08,4706,0.9102952380952379,629.352,0.8595999999999999,719.414
softplus,256,1.2,6,10,1.08,4764,0.9187238095238094,668.3572380952381,0.8705999999999999,764.498
softplus,256,1.2,7,10,1.07,4358,0.9149142857142856,652.5381904761905,0.8636,740.3
softplus,256,1.2,8,9,1.08,4714,0.9145523809523809,648.6669523809524,0.8639999999999999,742.136
softplus,256,1.5,1,12,1.08,4714,0.9234761904761903,705.7926666666667,0.879,808.564
softplus,256,1.5,2,9,1.08,4720,0.9145523809523809,648.6669523809524,0.8639999999999999,742.136
softplus,256,1.5,3,10,1.1025,4776,0.9257904761904762,710.5267619047619,0.8817999999999999,826.904
softplus,256,1.5,4,10,1.1,4714,0.9250285714285713,705.2847619047619,0.8812000000000001,818.618
softplus,256,1.5,5,8,1.08,4706,0.9102952380952379,629.352,0.8595999999999999,719.414
softplus,256,1.5,6,15,1.07,5032,0.9259714285714284,744.5209523809524,0.8812,836.524
softplus,256,1.5,7,10,1.11,5112,0.9285238095238093,726.5586666666667,0.8873999999999999,861.32
softplus,256,1.5,8,8,1.1,5272,0.9176285714285712,663.6589523809524,0.8689999999999999,770.244
softplus,256,3.0,1,15,1.1,5180,0.9348571428571427,801.2984761904762,0.8977999999999999,931.326
softplus,256,3.0,2,13,1.07625,4834,0.9242857142857142,717.5515238095238,0.8765999999999999,814.108
softplus,256,3.0,3,9,1.1025,4732,0.9221714285714285,689.5819047619048,0.8749999999999999,804.946
softplus,256,3.0,4,14,1.1,6524,0.9331238095238095,782.3394285714286,0.8947999999999999,909.526
softplus,256,3.0,5,15,1.09,5124,0.9322190476190475,780.4600952380953,0.8946,895.986
softplus,256,3.0,6,15,1.1,5426,0.9348571428571427,801.2984761904762,0.8977999999999999,931.326
softplus,256,3.0,7,17,1.1025,5350,0.9377142857142855,844.572380952381,0.906,988.656
softplus,256,3.0,8,16,1.07,4998,0.9275238095238095,763.1999047619048,0.883,856.208
centered,64,1.2,1,6,1.09,3514,0.9020571428571427,603.0495238095239,0.8458,686.862
centered,64,1.2,2,8,1.0095237,4366,0.8731238095238094,547.5405714285714,0.7829999999999999,572.438
centered,64,1.2,3,6,1.0476191,4516,0.8816761904761904,547.6310476190476,0.8051999999999998,594.98
centered,64,1.2,4,12,1.06,4582,0.9162952380952379,674.7681904761905,0.862,747.228
centered,64,1.2,5,7,1.05,3024,0.891333333333333,569.3945714285715,0.8208,624.914
centered,64,1.2,6,15,1.0476191,4746,0.9186761904761903,715.4158095238096,0.863,778.632
centered,64,1.2,7,10,1.06,3514,0.9107904761904759,638.330380952381,0.8542000000000001,708.858
centered,64,1.2,8,10,1.0476191,4714,0.9057428571428571,622.9769523809524,0.8398,680.1
centered,64,1.5,1,10,1.04,3514,0.9023619047619047,614.3994285714285,0.8306,666.266
centered,64,1.5,2,8,1.0238096,4366,0.8825999999999999,560.4091428571429,0.795,597.068
centered,64,1.5,3,9,1.05,4610,0.9022190476190476,607.1566666666666,0.8371999999999999,669.26
centered,64,1.5,4,10,1.11,4588,0.9285238095238093,726.5586666666667,0.8873999999999999,861.32
centered,64,1.5,5,9,1.08,4120,0.9145523809523809,648.6669523809524,0.8639999999999999,742.136
centered,64,1.5,6,15,1.06,4840,0.9226476190476189,730.2926666666667,0.8737999999999999,804.472
centered,64,1.5,7,9,1.08,3514,0.9145523809523809,648.6669523809524,0.8639999999999999,742.136
centered,64,1.5,8,4,1.11,4714,0.8894380952380949,581.9256190476191,0.8234,677.5
centered,64,3.0,1,11,1.05,3516,0.9104857142857141,644.166,0.8498,706.79
centered,64,3.0,2,8,1.025,4366,0.8835999999999999,561.8061904761905,0.7965999999999999,599.284
centered,64,3.0,3,14,1.02,4732,0.9036095238095236,670.6730476190476,0.8369999999999999,716.206
centered,64,3.0,4,14,1.1,5072,0.9331238095238095,782.3394285714286,0.8947999999999999,909.526
centered,64,3.0,5,14,1.025,3628,0.9060285714285714,674.4869523809524,0.84,720.632
centered,64,3.0,6,15,1.075,5012,0.9279714285714284,752.8668571428572,0.8849999999999999,851.45
centered,64,3.0,7,13,1.06,3516,0.918685714285714,693.0733333333334,0.8642,764.884
centered,64,3.0,8,13,1.0476191,4714,0.9145904761904761,678.135619047619,0.852,739.036
centered,256,1.2,1,9,1.08,4714,0.9145523809523809,648.6669523809524,0.8639999999999999,742.136
centered,256,1.2,2,7,1.05,4714,0.891333333333333,569.7782857142857,0.8208,624.914
centered,256,1.2,3,7,1.08,4790,0.9052952380952379,609.1942857142857,0.8483999999999999,694.338
centered,256,1.2,4,9,1.08,4714,0.9145523809523809,648.6669523809524,0.8639999999999999,742.136
centered,256,1.2,5,7,1.06,4614,0.8959619047619046,581.6171428571429,0.8301999999999999,643.574
centered,256,1.2,6,9,1.08,4720,0.9145523809523809,648.6669523809524,0.8639999999999999,742.136
centered,256,1.2,7,10,1.07,4358,0.9149142857142856,652.5381904761905,0.8636,740.3
centered,256,1.2,8,7,1.08,4790,0.9052952380952379,609.1942857142857,0.8483999999999999,694.338
centered,256,1.5,1,9,1.08,4714,0.9145523809523809,648.6669523809524,0.8639999999999999,742.136
centered,256,1.5,2,7,1.06,4714,0.8959619047619046,581.6171428571429,0.8301999999999999,643.574
centered,256,1.5,3,7,1.09,4956,0.9089047619047618,624.3644761904762,0.8545999999999999,718.94
centered,256,1.5,4,9,1.08,4714,0.9145523809523809,648.6669523809524,0.8639999999999999,742.136
centered,256,1.5,5,7,1.07,4670,0.9005809523809523,594.5131428571428,0.8408,673.852
centered,256,1.5,6,8,1.1,4718,0.9176285714285712,663.6589523809524,0.8689999999999999,770.244
centered,256,1.5,7,11,1.08,4416,0.9211809523809522,687.3275238095238,0.8757999999999999,782.98
centered,256,1.5,8,10,1.06,4714,0.9107904761904759,638.330380952381,0.8542000000000001,708.858
centered,256,3.0,1,9,1.08,4714,0.9145523809523809,648.6669523809524,0.8639999999999999,742.136
centered,256,3.0,2,11,1.04,4714,0.9061523809523808,632.807619047619,0.8403999999999999,687.484
centered,256,3.0,3,8,1.08,4850,0.9102952380952379,629.352,0.8595999999999999,719.414
centered,256,3.0,4,10,1.075,4714,0.9168380952380951,660.1301904761905,0.8662,753.646
centered,256,3.0,5,9,1.06,4636,0.9063619047619047,619.8366666666667,0.8486,690.52
centered,256,3.0,6,10,1.09,4776,0.9219047619047618,685.3407619047618,0.8774,793.538
centered,256,3.0,7,10,1.075,4358,0.9168380952380951,660.1301904761905,0.8662,753.646
centered,256,3.0,8,10,1.07,4714,0.9149142857142856,652.5381904761905,0.8636,740.3
downward,64,1.2,1,4,1.075,3514,0.870533333333333,535.2358095238095,0.7898000000000001,590.956
downward,64,1.2,2,5,1.02,4280,0.8517619047619046,501.6293333333333,0.7557999999999999,527.668
downward,64,1.2,3,7,1.0,4358,0.8598285714285712,522.1038095238096,0.7651999999999999,542.494
downward,64,1.2,4,9,1.01,4148,0.8796380952380951,566.7304761904762,0.7981999999999999,594.81
downward,64,1.2,5,6,1.05,2982,0.8830190476190474,549.7568571428571,0.8089999999999999,602.506
downward,64,1.2,6,8,1.09,4348,0.9138857142857141,645.1164761904762,0.8643999999999998,743.408
downward,64,1.2,7,6,1.05,3514,0.8830190476190474,550.2085714285714,0.8089999999999999,602.506
downward,64,1.2,8,5,1.05,4714,0.8711809523809522,530.1390476190476,0.7955999999999999,574.238
downward,64,1.5,1,6,1.04,3514,0.8770952380952381,539.5241904761905,0.7945999999999999,582.102
downward,64,1.5,2,5,1.0095237,4280,0.843542857142857,492.4151428571429,0.7469999999999999,515.24
downward,64,1.5,3,7,1.01,4358,0.8666095238095236,529.9210476190476,0.7726,554.702
downward,64,1.5,4,9,1.06,4244,0.9063619047619047,619.8366666666667,0.8486,690.52
downward,64,1.5,5,5,1.08,3024,0.8874095238095238,564.8969523809524,0.8225999999999999,635.53
downward,64,1.5,6,10,1.08,4388,0.9187238095238094,668.3572380952381,0.8705999999999999,764.498
downward,64,1.5,7,7,1.04,3514,0.8859428571428569,558.6111428571429,0.804,602.584
downward,64,1.5,8,5,1.05,4714,0.8711809523809522,530.1390476190476,0.7955999999999999,574.238
downward,64,3.0,1,5,1.08,3514,0.8874095238095238,565.2806666666667,0.8225999999999999,635.53
downward,64,3.0,2,5,1.0285715,4412,0.8573523809523806,509.30571428571426,0.7651999999999999,538.734
downward,64,3.0,3,9,1.0,4380,0.8734857142857142,559.5717142857143,0.7931999999999999,587.93
downward,64,3.0,4,9,1.07,4260,0.9105714285714284,633.4524761904762,0.8582,720.992
downward,64,3.0,5,7,1.05,3024,0.891333333333333,569.3945714285715,0.8208,624.914
downward,64,3.0,6,13,1.05,4566,0.9155904761904761,680.7387619047619,0.854,745.478
downward,64,3.0,7,9,1.0238096,3514,0.8887142857142856,579.2752380952381,0.8034,617.172
downward,64,3.0,8,6,1.05,4714,0.8830190476190474,550.2085714285714,0.8089999999999999,602.506
downward,256,1.2,1,6,1.08,4714,0.8980285714285714,588.4715238095238,0.837,665.152
downward,256,1.2,2,6,1.05,4714,0.8830190476190474,550.2085714285714,0.8089999999999999,602.506
downward,256,1.2,3,7,1.06,4614,0.8959619047619046,581.6171428571429,0.8301999999999999,643.574
downward,256,1.2,4,8,1.05,4714,0.8968190476190475,588.2954285714286,0.8318,647.748
downward,256,1.2,5,5,1.0476191,4510,0.8700571428571428,527.8244761904762,0.7923999999999999,568.286
downward,256,1.2,6,9,1.06,4636,0.9063619047619047,619.8366666666667,0.8486,690.52
downward,256,1.2,7,7,1.06,4098,0.8959619047619046,581.6171428571429,0.8301999999999999,643.574
downward,256,1.2,8,10,1.0237501,4714,0.8935142857142855,597.7367619047619,0.814,639.758
downward,256,1.5,1,5,1.09,4714,0.8921619047619045,579.3335238095239,0.8298,654.712
downward,256,1.5,2,7,1.04,4714,0.8859428571428569,558.6111428571429,0.804,602.584
downward,256,1.5,3,11,1.01,4454,0.8887428571428571,604.4744761904761,0.8121999999999999,640.596
downward,256,1.5,4,6,1.075,4714,0.8957619047619045,581.5299047619047,0.831,655.056
downward,256,1.5,5,5,1.075,4594,0.8849999999999997,558.8931428571428,0.8188,627.784
downward,256,1.5,6,11,1.05,4684,0.9104857142857141,644.166,0.8498,706.79
downward,256,1.5,7,11,1.05,4340,0.9104857142857141,644.166,0.8498,706.79
downward,256,1.5,8,7,1.06,4714,0.8959619047619046,581.6171428571429,0.8301999999999999,643.574
downward,256,3.0,1,11,1.04,4714,0.9061523809523808,632.807619047619,0.8403999999999999,687.484
downward,256,3.0,2,6,1.06,4714,0.8884761904761901,561.7014285714286,0.8191999999999998,620.17
downward,256,3.0,3,8,1.0476191,4596,0.8953999999999998,585.4167619047619,0.8288,640.694
downward,256,3.0,4,8,1.075,4816,0.908095238095238,621.8061904761905,0.8565999999999999,708.832
downward,256,3.0,5,7,1.05,4588,0.891333333333333,569.7782857142857,0.8208,624.914
downward,256,3.0,6,8,1.075,4678,0.908095238095238,621.8061904761905,0.8565999999999999,708.832
downward,256,3.0,7,10,1.05,4312,0.907038095238095,625.8307619047619,0.842,686.278
downward,256,3.0,8,9,1.05,4714,0.9022190476190476,607.1566666666666,0.8371999999999999,669.26
