numqueries,width,tradeoff,seed,bsize,delta,maxvisits,recall_i,std_i,visits_i,recall_o,std_o,visits_o,tune_s
64,auto,1.1,1,8,1.075,4234,0.9053047619047616,0.001963537509521225,626.92,0.8462000000000001,0.01052870153038421,686.298,0.428987695
64,auto,1.1,2,6,1.08,2200,0.8940571428571428,0.0020050613281201966,594.3448571428571,0.8298,0.01107378228493284,641.726,0.383796127
64,auto,1.1,3,8,1.0095237,3598,0.8660952380952379,0.0024226667900286896,551.1022857142857,0.7821999999999999,0.013101277633713222,568.638,0.319829775
64,auto,1.1,4,8,1.05,4302,0.8921142857142856,0.002129901427653241,593.5295238095238,0.8259999999999998,0.011303477077166684,636.212,0.289724477
64,auto,1.1,5,4,1.08,3250,0.8665999999999999,0.0022233302268474934,547.2729523809523,0.7744,0.013086431549153819,576.098,0.308929842
64,auto,1.1,6,8,1.075,4352,0.9053047619047616,0.001963537509521225,626.92,0.8462000000000001,0.01052870153038421,686.298,0.291056014
64,auto,1.1,7,11,1.05,3508,0.9058476190476188,0.001978534681575624,647.3605714285715,0.844,0.010872719992717519,692.638,0.32597642
64,auto,1.1,8,7,1.03,4196,0.874647619047619,0.0022982482344632506,553.6895238095238,0.7965999999999999,0.01276635023247665,580.314,0.313814181
64,auto,1.5,1,12,1.08,4236,0.9227714285714285,0.0017166403978748307,710.3963809523809,0.872,0.009626512763612118,786.318,0.353255645
64,auto,1.5,2,6,1.11,2886,0.9065714285714283,0.0018755793330270038,640.4680952380952,0.8558,0.009896501245232848,726.336,0.346194647
64,auto,1.5,3,9,1.09,5114,0.9154095238095236,0.0018087773350729743,669.9870476190476,0.8672000000000001,0.009556785450565855,748.612,0.309861474
64,auto,1.5,4,14,1.13,5170,0.9400476190476189,0.0015110082549078798,860.6342857142857,0.9185999999999999,0.00737753666254574,1032.836,0.36442394
64,auto,1.5,5,11,1.1,5554,0.9244190476190474,0.0017344638264631372,727.3711428571429,0.8872000000000001,0.008921521266112677,826.232,0.364763155
64,auto,1.5,6,13,1.14,5252,0.9415238095238092,0.0014848248518030994,871.6495238095238,0.9183999999999999,0.007425063674512824,1061.32,0.439159929
64,auto,1.5,7,13,1.14,6016,0.9415238095238092,0.0014848248518030994,871.6495238095238,0.9185999999999999,0.00740366789492192,1061.49,0.402937765
64,auto,1.5,8,8,1.155,5218,0.9315238095238093,0.0016601595812,800.5223809523809,0.9024,0.007878405615036195,994.218,0.345101299
64,auto,3.0,1,13,1.157625,8898,0.9454952380952378,0.0014587910181347516,932.7173333333334,0.9241999999999999,0.007034828556035463,1185.858,0.390661145
64,auto,3.0,2,13,1.1,3344,0.9309142857142856,0.001594240304145684,767.0497142857142,0.9002,0.008255220146044488,875.02,0.392412942
64,auto,3.0,3,11,1.157625,7314,0.9395333333333332,0.0015858174098270698,883.0214285714286,0.9181999999999999,0.007267302942085955,1129.586,0.504470465
64,auto,3.0,4,11,1.3,20968,0.9601809523809521,0.0014108475930911099,1903.9675238095238,0.9554,0.005640145973873939,3333.7,0.699129965
64,auto,3.0,5,13,1.16,11028,0.9458380952380951,0.0014572458023625029,941.5992380952381,0.9245999999999999,0.007042633820605069,1205.38,0.488395207
64,auto,3.0,6,13,1.155,5530,0.9448857142857142,0.0014632513577370135,922.538380952381,0.9239999999999999,0.007023628677528374,1169.726,0.34012509
64,auto,3.0,7,13,1.155,7746,0.9448857142857142,0.0014632513577370135,922.6324761904762,0.9239999999999999,0.007023628677528374,1169.726,0.421263224
64,auto,3.0,8,14,1.15,6620,0.9448857142857142,0.001465787831658072,925.7050476190476,0.9248,0.007065411750436233,1161.314,0.448661889
64,auto,10.0,1,14,1.29,21318,0.9630952380952381,0.0013350091475103955,1952.0034285714285,0.9584,0.005550175024519732,3273.172,0.799863934
64,auto,10.0,2,8,1.19,5908,0.9402380952380951,0.001584362638744032,929.2619047619048,0.9192,0.0072910583574657345,1245.218,0.447275332
64,auto,10.0,3,11,1.157625,7314,0.9395333333333332,0.0015858174098270698,883.0214285714286,0.9181999999999999,0.007267302942085955,1129.586,0.444339913
64,auto,10.0,4,11,1.3066694,22918,0.9609142857142857,0.0014042165837740911,1985.51,0.9564,0.005624071583931076,3524.942,0.59501637
64,auto,10.0,5,10,1.19,10952,0.9444761904761904,0.0015331443409573864,992.8613333333333,0.931,0.0068097582899811545,1369.942,0.496004791
64,auto,10.0,6,15,1.2179999,14512,0.9567333333333332,0.0013641321892956327,1297.357619047619,0.9458,0.006056311787917798,1922.718,0.518124959
64,auto,10.0,7,13,1.21275,12294,0.9548095238095237,0.0014052161487202953,1206.7364761904762,0.941,0.006389322612252634,1712.184,0.423192335
64,auto,10.0,8,11,1.26,11596,0.9565904761904761,0.0014281242015372012,1490.4253333333334,0.9483999999999999,0.005955238543174041,2363.65,0.587646588
64,0.01,1.1,1,10,1.06,4234,0.906685714285714,0.001963481313227336,642.3280952380952,0.846,0.010603011263214196,694.36,0.328996389
64,0.01,1.1,2,6,1.08,2200,0.8940571428571428,0.0020050613281201966,594.3448571428571,0.8298,0.01107378228493284,641.726,0.335347774
64,0.01,1.1,3,8,1.01,3598,0.8663619047619047,0.0024126476278266717,551.5015238095239,0.7867999999999999,0.012895587773499223,571.476,0.355917811
64,0.01,1.1,4,8,1.075,4352,0.9053047619047616,0.001963537509521225,626.92,0.8462000000000001,0.01052870153038421,686.298,0.328878795
64,0.01,1.1,5,9,1.0190476,2680,0.8797238095238094,0.002267841289120043,578.5018095238095,0.8098,0.012328194946164234,605.618,0.362479597
64,0.01,1.1,6,11,1.05,4474,0.9058476190476188,0.001978534681575624,647.3605714285715,0.844,0.010872719992717519,692.638,0.473232067
64,0.01,1.1,7,10,1.05,3508,0.9023619047619047,0.002014076601860762,629.4502857142858,0.8382000000000001,0.010950136357427032,674.024,0.414758989
64,0.01,1.1,8,7,1.02,4196,0.8677047619047616,0.0023799715029734496,544.0293333333333,0.7837999999999999,0.01307067107850401,566.99,0.342124037
64,0.01,1.5,1,9,1.09,4234,0.9154095238095236,0.0018087773350729743,669.9870476190476,0.8672000000000001,0.009556785450565855,748.612,0.300652097
64,0.01,1.5,2,9,1.1,2982,0.9192095238095236,0.0017736175198902067,688.4488571428572,0.8797999999999999,0.008941781167667294,781.96,0.378697813
64,0.01,1.5,3,8,1.06,4856,0.8975142857142855,0.002056958204577041,606.1276190476191,0.8345999999999999,0.010939081604337045,655.446,0.293684177
64,0.01,1.5,4,6,1.155,4980,0.9220571428571427,0.001730528490696007,741.2088571428571,0.887,0.008204462642199425,915.432,0.365947366
64,0.01,1.5,5,12,1.01,3180,0.8885142857142855,0.0021565912495646804,627.9662857142857,0.8143999999999999,0.012218077351783827,650.128,0.3555923
64,0.01,1.5,6,11,1.07,4520,0.9139047619047619,0.001887076679271301,674.2684761904762,0.8565999999999999,0.010303787497653281,733.616,0.36887024
64,0.01,1.5,7,13,1.08,4408,0.9248190476190474,0.0016824877591959417,728.6069523809524,0.8765999999999999,0.009545538861277103,805.214,0.3205584
64,0.01,1.5,8,17,1.04,4416,0.9166761904761903,0.0017805931403672354,750.2873333333333,0.8568,0.010551368291023289,785.086,0.371113952
64,0.01,3.0,1,9,1.1,4294,0.9192095238095236,0.0017736175198902067,688.4501904761905,0.8797999999999999,0.008941781167667294,783.414,0.341535391
64,0.01,3.0,2,13,1.09,3280,0.9277238095238094,0.0016426970653681107,745.8969523809524,0.8865999999999999,0.008952575001593585,839.172,0.293038759
64,0.01,3.0,3,9,1.06,4882,0.9024190476190475,0.0019947465840246797,624.6925714285715,0.8433999999999999,0.010586205540596081,677.27,0.328632744
64,0.01,3.0,4,14,1.12,5142,0.9374857142857141,0.0015462319842396916,831.8509523809524,0.9115999999999999,0.0076424064231062246,981.32,0.344947064
64,0.01,3.0,5,11,1.09,5254,0.9211809523809522,0.001784296959714744,707.5132380952381,0.8737999999999998,0.009505486796542211,788.53,0.331927316
64,0.01,3.0,6,12,1.14,5178,0.9399047619047619,0.0015085496948005106,850.9061904761904,0.918,0.007367601503332756,1042.064,0.424794021
64,0.01,3.0,7,13,1.1340001,5912,0.9399619047619047,0.0015103010540165344,853.277619047619,0.917,0.007419665925258478,1020.668,0.376312671
64,0.01,3.0,8,18,1.0476191,4488,0.9216476190476189,0.0017213856457577717,777.4618095238095,0.8647999999999999,0.010139106274028052,818.726,0.467500356
64,0.01,10.0,1,11,1.08,4236,0.9179142857142856,0.0018379856863231364,690.2748571428572,0.8653999999999998,0.009869403871195665,762.106,0.440941462
64,0.01,10.0,2,8,1.1,2858,0.9148095238095236,0.0018362987662093211,667.2811428571429,0.8706,0.009269637651072504,758.382,0.330439445
64,0.01,10.0,3,10,1.08,5032,0.9151047619047618,0.001846086893981519,671.8257142857143,0.8612,0.010030115014654938,742.976,0.358187573
64,0.01,10.0,4,14,1.13,5170,0.9400476190476189,0.0015110082549078798,860.6342857142857,0.9185999999999999,0.00737753666254574,1032.836,0.464188717
64,0.01,10.0,5,11,1.1025,5554,0.925038095238095,0.0017333112313154594,731.9593333333333,0.8886000000000001,0.008910957014536307,835.434,0.373589918
64,0.01,10.0,6,14,1.14,5478,0.9423999999999997,0.0014772697246300812,891.4084761904762,0.9203999999999999,0.007341088991940283,1091.8,0.439434433
64,0.01,10.0,7,15,1.14,6382,0.9433523809523807,0.0014688165680699157,911.6733333333333,0.9215999999999999,0.007180181109189383,1120.572,0.40745706
64,0.01,10.0,8,19,1.1,5376,0.9392380952380951,0.0015109380915815647,878.6985714285714,0.9063999999999999,0.0081676661054189,986.692,0.366739848
64,0.04,1.1,1,8,1.09,4234,0.9109333333333333,0.0018766115485365708,650.07,0.8573999999999998,0.009799101313209562,724.858,0.304569588
64,0.04,1.1,2,6,1.1025,2692,0.9038666666666665,0.0018976161361433474,628.3170476190476,0.8482000000000001,0.010174771979008826,697.454,0.332497077
64,0.04,1.1,3,8,1.06,4856,0.8975142857142855,0.002056958204577041,606.1276190476191,0.8345999999999999,0.010939081604337045,655.446,0.312243261
64,0.04,1.1,4,8,1.05,4302,0.8921142857142856,0.002129901427653241,593.5295238095238,0.8259999999999998,0.011303477077166684,636.212,0.298218202
64,0.04,1.1,5,7,1.075,3022,0.8996095238095237,0.002002766198549131,607.9118095238096,0.8378,0.010858891848258306,664.07,0.30380366
64,0.04,1.1,6,8,1.08,4380,0.9074190476190475,0.001925809811754426,634.4462857142858,0.8486,0.010370737302245735,697.194,0.352910268
64,0.04,1.1,7,11,1.05,3508,0.9058476190476188,0.001978534681575624,647.3605714285715,0.844,0.010872719992717519,692.638,0.305035922
64,0.04,1.1,8,7,1.04,4196,0.8808476190476189,0.002228026539541017,564.4029523809523,0.8092,0.012198534641808657,597.06,0.270696958
64,0.04,1.5,1,11,1.08,4236,0.9179142857142856,0.0018379856863231364,690.2748571428572,0.8653999999999998,0.009869403871195665,762.106,0.292211586
64,0.04,1.5,2,11,1.1,3242,0.9244190476190474,0.0017344638264631372,727.3618095238095,0.8872000000000001,0.008921521266112677,826.232,0.538761612
64,0.04,1.5,3,10,1.09,5174,0.918590476190476,0.0017893330154214644,688.6036190476191,0.8697999999999999,0.009567075905488595,768.572,0.39445718
64,0.04,1.5,4,14,1.13,5170,0.9400476190476189,0.0015110082549078798,860.6342857142857,0.9185999999999999,0.00737753666254574,1032.836,0.385181027
64,0.04,1.5,5,11,1.1,5554,0.9244190476190474,0.0017344638264631372,727.3711428571429,0.8872000000000001,0.008921521266112677,826.232,0.40112398
64,0.04,1.5,6,14,1.155,5658,0.9458190476190474,0.0014617880913045205,944.2128571428572,0.9254,0.007058054242472847,1197.728,0.438428479
64,0.04,1.5,7,14,1.1340001,6148,0.940942857142857,0.001505826800583491,872.9629523809524,0.9188,0.007365440214240343,1050.238,0.540625264
64,0.04,1.5,8,15,1.14,6546,0.9433523809523807,0.0014688165680699157,911.6733333333333,0.9215999999999999,0.007180181109189383,1120.572,0.487981346
64,0.04,3.0,1,13,1.1333334,6956,0.9396666666666665,0.001508942542443047,851.115238095238,0.9168,0.007429205358061623,1018.808,0.586729584
64,0.04,3.0,2,14,1.12,3782,0.9374857142857141,0.0015462319842396916,831.8134285714285,0.9109999999999999,0.007722624642656843,980.298,0.387783188
64,0.04,3.0,3,11,1.157625,7314,0.9395333333333332,0.0015858174098270698,883.0214285714286,0.9181999999999999,0.007267302942085955,1129.586,0.462882214
64,0.04,3.0,4,14,1.3,20490,0.9638095238095237,0.0013337077655834805,2078.7805714285714,0.9594,0.005528555830374638,3512.394,0.650118506
64,0.04,3.0,5,10,1.19,10952,0.9444761904761904,0.0015331443409573864,992.8613333333333,0.931,0.0068097582899811545,1369.942,0.484355792
64,0.04,3.0,6,15,1.14,5494,0.9433523809523807,0.0014688165680699157,911.6733333333333,0.9215999999999999,0.007180181109189383,1120.572,0.562476419
64,0.04,3.0,7,14,1.16,8186,0.9466666666666665,0.0014556232823719508,963.366,0.9265999999999999,0.007002030236112005,1234.432,0.482330024
64,0.04,3.0,8,11,1.17,6278,0.9424190476190474,0.0015587709430896948,931.3297142857143,0.9235999999999999,0.007082163615836674,1210.676,0.552583612
64,0.04,10.0,1,14,1.29,21318,0.9630952380952381,0.0013350091475103955,1952.0034285714285,0.9584,0.005550175024519732,3273.172,0.930953126
64,0.04,10.0,2,8,1.2733874,12012,0.9537714285714284,0.0014582054419271704,1445.1507619047618,0.944,0.0062410785623657344,2319.11,0.477009695
64,0.04,10.0,3,15,1.16,7874,0.9475809523809522,0.001452463870998994,984.8034285714285,0.9273999999999999,0.006991808517568662,1258.724,0.516883197
64,0.04,10.0,4,16,1.3370568,40394,0.9663333333333334,0.0013190839044820656,2801.080380952381,0.9643999999999999,0.005444737029583803,5173.114,0.656386883
64,0.04,10.0,5,14,1.2733874,21038,0.9620095238095236,0.0013352078506713152,1761.1846666666668,0.9561999999999999,0.00563987801854471,2943.37,0.618450965
64,0.04,10.0,6,17,1.2,11544,0.956038095238095,0.0013709745941070254,1229.5558095238096,0.9441999999999999,0.006082729456225828,1750.28,0.567430113
64,0.04,10.0,7,13,1.2,8388,0.9527428571428571,0.0014133434075162057,1128.8374285714285,0.9394,0.0064351470812995006,1585.182,0.409749046
64,0.04,10.0,8,11,1.27,12530,0.9575714285714285,0.0014255863345193028,1580.3308571428572,0.9512,0.0058285937811332475,2594.726,0.577791741
64,0.0001,1.1,1,9,1.04,4196,0.8930190476190475,0.002109877869448393,600.2967619047619,0.8268,0.011537639835467729,633.862,0.31512998
64,0.0001,1.1,2,6,1.08,2200,0.8940571428571428,0.0020050613281201966,594.3448571428571,0.8298,0.01107378228493284,641.726,0.296688639
64,0.0001,1.1,3,6,1.05,3772,0.8773523809523807,0.0022205418155931012,556.3001904761904,0.8069999999999999,0.012023065052358796,592.422,0.320651287
64,0.0001,1.1,4,8,1.075,4352,0.9053047619047616,0.001963537509521225,626.92,0.8462000000000001,0.01052870153038421,686.298,0.336414809
64,0.0001,1.1,5,4,1.1,3348,0.8767619047619044,0.0021040129840343086,572.1255238095238,0.7985999999999999,0.01222292102397607,626.34,0.332891166
64,0.0001,1.1,6,8,1.075,4352,0.9053047619047616,0.001963537509521225,626.92,0.8462000000000001,0.01052870153038421,686.298,0.297720564
64,0.0001,1.1,7,11,1.0476191,3508,0.9047333333333333,0.001994598079439711,644.4051428571429,0.8422,0.010939816279088944,688.382,0.329635143
64,0.0001,1.1,8,8,1.0476191,4234,0.8909714285714283,0.0021309757636427456,590.7741904761905,0.8245999999999999,0.011380663929291214,631.494,0.330291597
64,0.0001,1.5,1,9,1.0476191,4234,0.8963619047619047,0.002068204462372685,608.9026666666666,0.8345999999999999,0.011005493293925604,652.486,0.294710977
64,0.0001,1.5,2,8,1.07,2398,0.9027333333333333,0.00199358083447615,619.6505714285714,0.8418,0.010680768786087478,673.546,0.35200046
64,0.0001,1.5,3,8,1.0095237,3598,0.8660952380952379,0.0024226667900286896,551.1022857142857,0.7821999999999999,0.013101277633713222,568.638,0.344265916
64,0.0001,1.5,4,10,1.09,4644,0.918590476190476,0.0017893330154214644,688.6036190476191,0.8697999999999999,0.009567075905488595,768.572,0.342843601
64,0.0001,1.5,5,10,1.03,2700,0.892190476190476,0.0021642378757464075,607.0888571428571,0.8231999999999999,0.011878683391652371,635.736,0.324563357
64,0.0001,1.5,6,11,1.0476191,4420,0.9047333333333333,0.001994598079439711,644.4051428571429,0.8422,0.010939816279088944,688.382,0.350542487
64,0.0001,1.5,7,12,1.05,3508,0.9113523809523807,0.0018514609726430211,667.3355238095238,0.8498,0.010633571554468566,713.95,0.397283762
64,0.0001,1.5,8,13,1.0095237,4162,0.890742857142857,0.0021321499249975203,646.7946666666667,0.8148,0.012377452942400545,665.84,0.337509947
64,0.0001,3.0,1,9,1.06,4234,0.9024190476190475,0.0019947465840246797,624.6925714285715,0.8433999999999999,0.010586205540596081,677.27,0.339956495
64,0.0001,3.0,2,8,1.075,2398,0.9053047619047616,0.001963537509521225,626.896,0.8462000000000001,0.01052870153038421,686.298,0.288870134
64,0.0001,3.0,3,5,1.075,3794,0.8810190476190474,0.0021089055381038405,566.4732380952381,0.8035999999999999,0.01193845092340076,603.69,0.43667153
64,0.0001,3.0,4,10,1.1,4644,0.9221523809523808,0.0017413969220718166,707.8383809523809,0.883,0.00897343336445673,806.406,0.364978164
64,0.0001,3.0,5,4,1.1,3348,0.8767619047619044,0.0021040129840343086,572.1255238095238,0.7985999999999999,0.01222292102397607,626.34,0.331384695
64,0.0001,3.0,6,8,1.08,4380,0.9074190476190475,0.001925809811754426,634.4462857142858,0.8486,0.010370737302245735,697.194,0.329285414
64,0.0001,3.0,7,11,1.06,3508,0.9098571428571427,0.001935691351110974,660.3728571428571,0.8512000000000001,0.010519116410138704,712.61,0.303772186
64,0.0001,3.0,8,8,1.1,4294,0.9148190476190475,0.0018363363917536426,667.3194285714286,0.8706,0.009269637651072504,758.382,0.316625759
64,0.0001,10.0,1,9,1.05,4234,0.8974952380952378,0.0020632437541035355,611.6767619047619,0.8358,0.01096536396326387,657.05,0.518782352
64,0.0001,10.0,2,10,1.05,2592,0.9023619047619047,0.002014076601860762,629.4502857142858,0.8382000000000001,0.010950136357427032,674.024,0.329084377
64,0.0001,10.0,3,9,1.0095237,3600,0.8728190476190475,0.0023381591686531507,569.6029523809524,0.7915999999999999,0.012901163729896001,588.596,0.393388624
64,0.0001,10.0,4,10,1.09,4644,0.918590476190476,0.0017893330154214644,688.6036190476191,0.8697999999999999,0.009567075905488595,768.572,0.431293592
64,0.0001,10.0,5,8,1.06,2870,0.8975142857142855,0.002056958204577041,606.1276190476191,0.8345999999999999,0.010939081604337045,655.446,0.439945447
64,0.0001,10.0,6,8,1.1025,4538,0.915533333333333,0.0018270579937986822,671.7944761904762,0.873,0.009201100406401801,765.93,0.546800117
64,0.0001,10.0,7,12,1.08,4328,0.9227714285714285,0.0017166403978748307,710.3963809523809,0.872,0.009626512763612118,786.318,0.363155253
64,0.0001,10.0,8,10,1.075,4234,0.9130571428571427,0.0018800775456974809,663.884,0.858,0.0102034414320393,730.13,0.421628375
256,auto,1.1,1,8,1.075,4234,0.9053047619047616,0.001963537509521225,626.92,0.8462000000000001,0.01052870153038421,686.298,0.985032092
256,auto,1.1,2,6,1.08,3598,0.8940857142857143,0.0020060715550524392,594.4153333333334,0.8298,0.01107378228493284,641.952,1.055063225
256,auto,1.1,3,8,1.075,4946,0.9053047619047616,0.001963537509521225,626.92,0.8462000000000001,0.01052870153038421,686.298,1.009315068
256,auto,1.1,4,6,1.09,4270,0.8984095238095238,0.001968478992386221,608.4462857142858,0.8365999999999999,0.010647502527356746,662.604,0.921335502
256,auto,1.1,5,8,1.07625,4380,0.905590476190476,0.0019624877618364253,628.5880952380952,0.8472,0.01052327446879271,689.794,1.066399071
256,auto,1.1,6,8,1.08,4380,0.9074190476190475,0.001925809811754426,634.4462857142858,0.8486,0.010370737302245735,697.194,0.98536141
256,auto,1.1,7,11,1.08,5194,0.9179142857142856,0.0018379856863231364,690.2748571428572,0.8653999999999998,0.009869403871195665,762.106,0.980215456
256,auto,1.1,8,6,1.08,4228,0.8940857142857143,0.0020060715550524392,594.4153333333334,0.8298,0.01107378228493284,641.952,0.945205732
256,auto,1.5,1,10,1.09,4288,0.918590476190476,0.0017893330154214644,688.6036190476191,0.8697999999999999,0.009567075905488595,768.572,1.059363017
256,auto,1.5,2,10,1.08,3826,0.9151047619047618,0.001846086893981519,671.8257142857143,0.8612,0.010030115014654938,742.976,1.000569218
256,auto,1.5,3,9,1.1,5120,0.9192095238095236,0.0017736175198902067,688.4501904761905,0.8797999999999999,0.008941781167667294,783.414,0.978547675
256,auto,1.5,4,10,1.1,5180,0.9221523809523808,0.0017413969220718166,707.8383809523809,0.883,0.00897343336445673,806.406,1.026450873
256,auto,1.5,5,8,1.1,5044,0.9148190476190475,0.0018363363917536426,667.3194285714286,0.8706,0.009269637651072504,758.382,1.015646568
256,auto,1.5,6,11,1.08,4548,0.9179142857142856,0.0018379856863231364,690.2748571428572,0.8653999999999998,0.009869403871195665,762.106,1.012964021
256,auto,1.5,7,10,1.11,5180,0.9247333333333332,0.0017220790465308576,727.1248571428572,0.8916,0.008552046951874503,845.166,1.05399891
256,auto,1.5,8,9,1.1,5120,0.9192095238095236,0.0017736175198902067,688.4501904761905,0.8797999999999999,0.008941781167667294,783.414,0.990042505
256,auto,3.0,1,10,1.1287501,5472,0.9300857142857141,0.001667054502619902,772.1159047619047,0.9043999999999999,0.00793206703498188,922.478,1.109751719
256,auto,3.0,2,14,1.09,5824,0.9292857142857142,0.0016349200682234033,764.0165714285714,0.888,0.008919040073675815,856.006,0.956874199
256,auto,3.0,3,11,1.13,7552,0.9325238095238095,0.0016561564367355984,796.722380952381,0.9073999999999999,0.007872702514694938,949.744,1.203542196
256,auto,3.0,4,11,1.13,7552,0.9325238095238095,0.0016561564367355984,796.722380952381,0.9073999999999999,0.007872702514694938,949.744,1.07439724
256,auto,3.0,5,6,1.1287501,4988,0.9138380952380951,0.001796158635730828,678.6594285714285,0.8703999999999998,0.008987109529637233,794.652,0.996533857
256,auto,3.0,6,11,1.11,5728,0.9271999999999999,0.001706622879865398,747.6886666666667,0.8954,0.008460281870560128,865.956,1.172847744
256,auto,3.0,7,11,1.13,5652,0.9325238095238095,0.0016561564367355984,796.722380952381,0.9073999999999999,0.007872702514694938,949.744,1.203976134
256,auto,3.0,8,11,1.12,7060,0.9298666666666665,0.0016886078945313797,770.6811428571428,0.9021999999999998,0.008121937085573941,910.916,1.229327547
256,auto,10.0,1,15,1.14,8032,0.9433523809523807,0.0014688165680699157,911.6733333333333,0.9215999999999999,0.007180181109189383,1120.572,1.296808036
256,auto,10.0,2,8,1.155,7438,0.931542857142857,0.0016599071140361483,800.5933333333334,0.9024,0.007878405615036195,994.218,1.052889126
256,auto,10.0,3,14,1.12,6686,0.9374857142857141,0.0015462319842396916,831.8509523809524,0.9115999999999999,0.0076424064231062246,981.32,1.095073045
256,auto,10.0,4,12,1.13,7676,0.9373047619047616,0.0015354359589354416,820.8510476190476,0.9145999999999999,0.007488878307082945,985.58,1.080227489
256,auto,10.0,5,11,1.13,7852,0.9325238095238095,0.0016561564367355984,796.722380952381,0.9073999999999999,0.007872702514694938,949.744,1.205401786
256,auto,10.0,6,15,1.16,12488,0.9475809523809522,0.001452463870998994,984.8034285714285,0.9273999999999999,0.006991808517568662,1258.724,1.224146587
256,auto,10.0,7,12,1.16,7668,0.9444285714285713,0.001468248939401844,918.6164761904762,0.9241999999999999,0.007019477295461586,1182.192,1.057862731
256,auto,10.0,8,8,1.155,7438,0.931542857142857,0.0016599071140361483,800.5933333333334,0.9024,0.007878405615036195,994.218,1.043520164
256,0.01,1.1,1,8,1.07625,4234,0.905590476190476,0.0019624877618364253,628.5880952380952,0.8472,0.01052327446879271,689.794,1.034403863
256,0.01,1.1,2,5,1.08,3598,0.8835999999999997,0.002097808078613879,572.7902857142857,0.8059999999999999,0.011830655415807089,611.668,0.933136504
256,0.01,1.1,3,7,1.08,4656,0.9016666666666665,0.0019764698833119056,614.984,0.8393999999999999,0.010800794387423455,673.928,0.970509517
256,0.01,1.1,4,6,1.09,4270,0.8984095238095238,0.001968478992386221,608.4462857142858,0.8365999999999999,0.010647502527356746,662.604,1.074496949
256,0.01,1.1,5,7,1.08,4292,0.9016666666666665,0.0019764698833119056,614.984,0.8393999999999999,0.010800794387423455,673.928,1.039677529
256,0.01,1.1,6,8,1.08,4380,0.9074190476190475,0.001925809811754426,634.4462857142858,0.8486,0.010370737302245735,697.194,0.942312434
256,0.01,1.1,7,8,1.08,4946,0.9074190476190475,0.001925809811754426,634.4462857142858,0.8486,0.010370737302245735,697.194,0.909866423
256,0.01,1.1,8,8,1.06,4856,0.8975142857142855,0.002056958204577041,606.1276190476191,0.8345999999999999,0.010939081604337045,655.446,0.915888967
256,0.01,1.5,1,8,1.1025,4464,0.915533333333333,0.0018270579937986822,671.7944761904762,0.873,0.009201100406401801,765.93,0.950067862
256,0.01,1.5,2,12,1.06,3898,0.9152190476190476,0.0018089733609005043,680.1716190476191,0.8578,0.010198884625664068,734.712,0.985317136
256,0.01,1.5,3,12,1.06,5318,0.9152190476190476,0.0018089733609005043,680.1716190476191,0.8578,0.010198884625664068,734.712,1.050526445
256,0.01,1.5,4,10,1.09,5174,0.918590476190476,0.0017893330154214644,688.6036190476191,0.8697999999999999,0.009567075905488595,768.572,1.01052094
256,0.01,1.5,5,13,1.075,4740,0.9233238095238093,0.001695435119347571,720.3882857142858,0.874,0.00973380922774231,790.238,1.070275436
256,0.01,1.5,6,10,1.08,4522,0.9151047619047618,0.001846086893981519,671.8257142857143,0.8612,0.010030115014654938,742.976,0.977993676
256,0.01,1.5,7,11,1.08,5194,0.9179142857142856,0.0018379856863231364,690.2748571428572,0.8653999999999998,0.009869403871195665,762.106,1.061913899
256,0.01,1.5,8,10,1.1,5180,0.9221523809523808,0.0017413969220718166,707.8383809523809,0.883,0.00897343336445673,806.406,0.998515802
256,0.01,3.0,1,10,1.1025,4574,0.9227714285714285,0.0017380026281867964,712.3746666666667,0.8844,0.008968172583056053,814.932,1.193050002
256,0.01,3.0,2,12,1.08,4906,0.9227714285714285,0.0017166403978748307,710.3963809523809,0.872,0.009626512763612118,786.318,1.066444472
256,0.01,3.0,3,9,1.1,5120,0.9192095238095236,0.0017736175198902067,688.4501904761905,0.8797999999999999,0.008941781167667294,783.414,1.103548168
256,0.01,3.0,4,10,1.1,5180,0.9221523809523808,0.0017413969220718166,707.8383809523809,0.883,0.00897343336445673,806.406,1.03525583
256,0.01,3.0,5,9,1.1,5194,0.9192095238095236,0.0017736175198902067,688.4501904761905,0.8797999999999999,0.008941781167667294,783.414,1.032511428
256,0.01,3.0,6,11,1.09,5254,0.9211809523809522,0.001784296959714744,707.5132380952381,0.8737999999999998,0.009505486796542211,788.53,1.093919588
256,0.01,3.0,7,11,1.08,5194,0.9179142857142856,0.0018379856863231364,690.2748571428572,0.8653999999999998,0.009869403871195665,762.106,0.958509103
256,0.01,3.0,8,9,1.1,5120,0.9192095238095236,0.0017736175198902067,688.4501904761905,0.8797999999999999,0.008941781167667294,783.414,1.015274788
256,0.01,10.0,1,8,1.1287501,5398,0.9239238095238093,0.0017538537617545185,727.498,0.8879999999999999,0.008478636260203143,865.118,1.010185614
256,0.01,10.0,2,11,1.08,4854,0.9179142857142856,0.0018379856863231364,690.2748571428572,0.8653999999999998,0.009869403871195665,762.106,1.057830884
256,0.01,10.0,3,13,1.075,5552,0.9233238095238093,0.001695435119347571,720.3882857142858,0.874,0.00973380922774231,790.238,1.084851531
256,0.01,10.0,4,10,1.13,5456,0.9305142857142855,0.0016629587048017079,775.6188571428571,0.9047999999999999,0.007916418629905995,926.91,1.118759768
256,0.01,10.0,5,9,1.1,5194,0.9192095238095236,0.0017736175198902067,688.4501904761905,0.8797999999999999,0.008941781167667294,783.414,0.984510174
256,0.01,10.0,6,6,1.155,6088,0.9220571428571427,0.001730528490696007,741.2520952380952,0.887,0.008204462642199425,915.432,1.061865318
256,0.01,10.0,7,8,1.14,5566,0.9270190476190473,0.0017196896780330916,757.1767619047619,0.8933999999999999,0.008224900962068455,912.022,1.104655589
256,0.01,10.0,8,11,1.08,5194,0.9179142857142856,0.0018379856863231364,690.2748571428572,0.8653999999999998,0.009869403871195665,762.106,1.130584574
256,0.04,1.1,1,8,1.05,4234,0.8921142857142856,0.002129901427653241,593.5295238095238,0.8259999999999998,0.011303477077166684,636.212,1.107312847
256,0.04,1.1,2,6,1.08,3598,0.8940857142857143,0.0020060715550524392,594.4153333333334,0.8298,0.01107378228493284,641.952,0.97423192
256,0.04,1.1,3,8,1.08,4946,0.9074190476190475,0.001925809811754426,634.4462857142858,0.8486,0.010370737302245735,697.194,1.026712098
256,0.04,1.1,4,5,1.09,4238,0.8880190476190474,0.0020557910192231495,585.8409523809523,0.8141999999999999,0.01144241816109564,633.104,1.011342713
256,0.04,1.1,5,9,1.08,4432,0.9117047619047617,0.0018701638609219535,653.640380952381,0.858,0.01001733326818096,723.982,1.115741517
256,0.04,1.1,6,8,1.07625,4380,0.905590476190476,0.0019624877618364253,628.5880952380952,0.8472,0.01052327446879271,689.794,1.011106898
256,0.04,1.1,7,8,1.08,4946,0.9074190476190475,0.001925809811754426,634.4462857142858,0.8486,0.010370737302245735,697.194,0.9393685
256,0.04,1.1,8,8,1.08,4946,0.9074190476190475,0.001925809811754426,634.4462857142858,0.8486,0.010370737302245735,697.194,1.122681816
256,0.04,1.5,1,10,1.1287501,5472,0.9300857142857141,0.001667054502619902,772.1159047619047,0.9043999999999999,0.00793206703498188,922.478,1.03695555
256,0.04,1.5,2,11,1.13,7552,0.9325238095238095,0.0016561564367355984,796.722380952381,0.9073999999999999,0.007872702514694938,949.744,1.276254125
256,0.04,1.5,3,11,1.1025,5826,0.925038095238095,0.0017333112313154594,731.9593333333333,0.8886000000000001,0.008910957014536307,835.434,1.025436697
256,0.04,1.5,4,8,1.13,5096,0.9243904761904761,0.0017478862556236613,730.6528571428571,0.8883999999999999,0.008503546866414509,871.822,1.139082679
256,0.04,1.5,5,10,1.1,5458,0.9221523809523808,0.0017413969220718166,707.8383809523809,0.883,0.00897343336445673,806.406,0.988853058
256,0.04,1.5,6,14,1.14,10012,0.9423999999999997,0.0014772697246300812,891.4084761904762,0.9203999999999999,0.007341088991940283,1091.8,1.173443073
256,0.04,1.5,7,13,1.14,6016,0.9415238095238092,0.0014848248518030994,871.6495238095238,0.9185999999999999,0.00740366789492192,1061.49,1.146926223
256,0.04,1.5,8,11,1.1025,5826,0.925038095238095,0.0017333112313154594,731.9593333333333,0.8886000000000001,0.008910957014536307,835.434,1.026757965
256,0.04,3.0,1,14,1.16,8822,0.9466666666666665,0.0014556232823719508,963.366,0.9265999999999999,0.007002030236112005,1234.432,1.423491136
256,0.04,3.0,2,15,1.13,7990,0.9411809523809521,0.0014921945202012543,880.6913333333333,0.9199999999999998,0.007224937281299963,1059.422,1.300654832
256,0.04,3.0,3,14,1.155,8342,0.9458190476190474,0.0014617880913045205,944.2739047619048,0.9261999999999999,0.006985346524408456,1198.554,1.280283638
256,0.04,3.0,4,15,1.16,9998,0.9475809523809522,0.001452463870998994,984.8034285714285,0.9273999999999999,0.006991808517568662,1258.724,1.263947502
256,0.04,3.0,5,14,1.16,11222,0.9466666666666665,0.0014556232823719508,963.366,0.9265999999999999,0.007002030236112005,1234.432,1.335639581
256,0.04,3.0,6,15,1.16,12488,0.9475809523809522,0.001452463870998994,984.8034285714285,0.9273999999999999,0.006991808517568662,1258.724,1.309961881
256,0.04,3.0,7,15,1.14,6382,0.9433523809523807,0.0014688165680699157,911.6733333333333,0.9215999999999999,0.007180181109189383,1120.572,1.182573949
256,0.04,3.0,8,12,1.16,8946,0.9444285714285713,0.001468248939401844,918.6164761904762,0.9241999999999999,0.007019477295461586,1182.192,1.119478571
256,0.04,10.0,1,14,1.19,14400,0.9516285714285713,0.001421662233699235,1098.4425714285715,0.94,0.00635392235467894,1530.576,1.635351184
256,0.04,10.0,2,14,1.17,7872,0.9484190476190474,0.0014554497913023485,1004.2191428571429,0.9315999999999999,0.006754703980624549,1322.938,1.346660392
256,0.04,10.0,3,15,1.18,13560,0.9510666666666666,0.0014312978707837602,1072.7757142857142,0.9361999999999999,0.00649364459915845,1447.412,1.417800307
256,0.04,10.0,4,13,1.23,18674,0.9568952380952379,0.0013845971215183622,1330.067142857143,0.946,0.006200924907601225,2002.062,1.947756492
256,0.04,10.0,5,14,1.19,14400,0.9516285714285713,0.001421662233699235,1098.4425714285715,0.94,0.00635392235467894,1530.576,1.363590534
256,0.04,10.0,6,19,1.18,11238,0.9546380952380952,0.001375179558210808,1162.5329523809523,0.9395999999999999,0.006317370872026933,1569.906,1.289965568
256,0.04,10.0,7,14,1.2,14880,0.9533714285714285,0.001397568409141116,1154.087619047619,0.9412,0.006333189184387651,1647.73,1.341739991
256,0.04,10.0,8,14,1.2495,21276,0.9598285714285714,0.0013496137842596806,1527.8896190476191,0.9518,0.0058538598407405305,2410.152,1.402132835
256,0.0001,1.1,1,8,1.075,4234,0.9053047619047616,0.001963537509521225,626.92,0.8462000000000001,0.01052870153038421,686.298,0.977822669
256,0.0001,1.1,2,6,1.07,3598,0.888990476190476,0.002063873448766552,580.7550476190477,0.8238,0.011286915464408284,625.72,0.987355648
256,0.0001,1.1,3,9,1.06,4882,0.9024190476190475,0.0019947465840246797,624.6925714285715,0.8433999999999999,0.010586205540596081,677.27,0.878777155
256,0.0001,1.1,4,6,1.1025,4304,0.9038666666666665,0.0018976161361433474,628.3330476190476,0.8482000000000001,0.010174771979008826,697.454,1.108470414
256,0.0001,1.1,5,6,1.08,4246,0.8940857142857143,0.0020060715550524392,594.4153333333334,0.8298,0.01107378228493284,641.952,1.048785852
256,0.0001,1.1,6,8,1.07,4352,0.9027333333333333,0.00199358083447615,619.6745714285714,0.8418,0.010680768786087478,673.546,1.058218014
256,0.0001,1.1,7,11,1.05,5008,0.9058476190476188,0.001978534681575624,647.3605714285715,0.844,0.010872719992717519,692.638,1.054820901
256,0.0001,1.1,8,12,1.01,4152,0.8885142857142855,0.0021565912495646804,627.9662857142857,0.8143999999999999,0.012218077351783827,650.128,1.03971699
256,0.0001,1.5,1,11,1.04,4198,0.9012666666666665,0.002042637097030226,635.818,0.8341999999999999,0.011405626871168605,669.672,1.036543266
256,0.0001,1.5,2,9,1.06,3644,0.9024190476190475,0.0019947465840246797,624.6925714285715,0.8433999999999999,0.010586205540596081,677.27,1.013905996
256,0.0001,1.5,3,10,1.05,4870,0.9023619047619047,0.002014076601860762,629.4502857142858,0.8382000000000001,0.010950136357427032,674.024,0.923815792
256,0.0001,1.5,4,11,1.06,5104,0.9098571428571427,0.001935691351110974,660.3728571428571,0.8512000000000001,0.010519116410138704,712.61,0.976964528
256,0.0001,1.5,5,10,1.0476191,4394,0.9010761904761904,0.0020349514414914035,626.5887619047619,0.8368,0.01101286323880923,669.7,1.057786589
256,0.0001,1.5,6,7,1.1,4378,0.9095714285714284,0.0018798316312831828,646.4622857142857,0.8583999999999999,0.009931684801835062,730.566,1.130672298
256,0.0001,1.5,7,11,1.06,5104,0.9098571428571427,0.001935691351110974,660.3728571428571,0.8512000000000001,0.010519116410138704,712.61,1.091003935
256,0.0001,1.5,8,10,1.04,4196,0.8974190476190474,0.0020889677222933074,617.7089523809524,0.8295999999999999,0.011500077583408878,650.966,1.103164295
256,0.0001,3.0,1,8,1.075,4234,0.9053047619047616,0.001963537509521225,626.92,0.8462000000000001,0.01052870153038421,686.298,1.006785112
256,0.0001,3.0,2,9,1.06,3644,0.9024190476190475,0.0019947465840246797,624.6925714285715,0.8433999999999999,0.010586205540596081,677.27,0.973293265
256,0.0001,3.0,3,10,1.05,4870,0.9023619047619047,0.002014076601860762,629.4502857142858,0.8382000000000001,0.010950136357427032,674.024,0.971736451
256,0.0001,3.0,4,6,1.1,4288,0.9027523809523808,0.0019075478290770005,624.1468571428571,0.8472,0.010188474076327737,690.62,1.003410093
256,0.0001,3.0,5,11,1.06,4508,0.9098571428571427,0.001935691351110974,660.3728571428571,0.8512000000000001,0.010519116410138704,712.61,1.036159986
256,0.0001,3.0,6,12,1.05,4682,0.9113523809523807,0.0018514609726430211,667.3355238095238,0.8498,0.010633571554468566,713.95,1.056593952
256,0.0001,3.0,7,6,1.1,4270,0.9027523809523808,0.0019075478290770005,624.1468571428571,0.8472,0.010188474076327737,690.62,1.028048424
256,0.0001,3.0,8,8,1.07625,4946,0.905590476190476,0.0019624877618364253,628.5880952380952,0.8472,0.01052327446879271,689.794,0.968567692
256,0.0001,10.0,1,10,1.05,4234,0.9023619047619047,0.002014076601860762,629.4502857142858,0.8382000000000001,0.010950136357427032,674.024,1.012388893
256,0.0001,10.0,2,10,1.05,3600,0.9023619047619047,0.002014076601860762,629.4502857142858,0.8382000000000001,0.010950136357427032,674.024,1.202860338
256,0.0001,10.0,3,10,1.05,4870,0.9023619047619047,0.002014076601860762,629.4502857142858,0.8382000000000001,0.010950136357427032,674.024,1.023560039
256,0.0001,10.0,4,10,1.075,5032,0.9130571428571427,0.0018800775456974809,663.884,0.858,0.0102034414320393,730.13,1.089966354
256,0.0001,10.0,5,10,1.05,4448,0.9023619047619047,0.002014076601860762,629.4502857142858,0.8382000000000001,0.010950136357427032,674.024,1.151017359
256,0.0001,10.0,6,9,1.06,4390,0.9024190476190475,0.0019947465840246797,624.6925714285715,0.8433999999999999,0.010586205540596081,677.27,1.033970484
256,0.0001,10.0,7,11,1.06,5104,0.9098571428571427,0.001935691351110974,660.3728571428571,0.8512000000000001,0.010519116410138704,712.61,0.93170597
256,0.0001,10.0,8,10,1.05,4870,0.9023619047619047,0.002014076601860762,629.4502857142858,0.8382000000000001,0.010950136357427032,674.024,0.900683219
